,region,profit
2,Midlands,90759.21999999859
1,London,77977.33999999888
3,North,53701.41999999931
4,South,50484.35999999947
0,East,44903.429999999906
